{
	"141ilpowt5glbhp1": {
		"definition": "artifact_damage",
		"x": -127.9880645859952,
		"y": 157.61767465138286,
		"root": true
	},
	"wu2zc7xcpwjp7ewa": {
		"definition": "infusion_etyr",
		"x": 58.44027704478678,
		"y": -209.04933544544286,
		"root": false
	},
	"03uw1se43yuutps2": {
		"definition": "infusion_corruption",
		"x": -40.108822842116936,
		"y": -152.4801226398252,
		"root": false
	},
	"2r6gwuy3rfi0qhvg": {
		"definition": "warriors_devotion_damage",
		"x": 77.34036707420033,
		"y": -115.34902645435338,
		"root": false
	},
	"eon2d0g9geekepri": {
		"definition": "warriors_devotion_damage",
		"x": -63.22971557269852,
		"y": 46.41676296257345,
		"root": false
	},
	"sgcbg3rzuu9wun78": {
		"definition": "artifact_damage",
		"x": 12.75409352578539,
		"y": -22.940023045303388,
		"root": false
	},
	"wqkmrcibelxl413m": {
		"definition": "warriors_devotion_damage",
		"x": 25.189441690849655,
		"y": -234.1350853231846,
		"root": false
	},
	"9k0pkn4u5cnt32ag": {
		"definition": "warriors_devotion_damage",
		"x": 23.261040355585195,
		"y": -194.19959590568254,
		"root": false
	},
	"8g0m9yrel63lkfda": {
		"definition": "artifact_damage",
		"x": -41.95400945663899,
		"y": -200.96563585940976,
		"root": false
	},
	"fu25k9i4opgsty9s": {
		"definition": "warriors_devotion_damage",
		"x": -11.612592743768213,
		"y": -176.940246205526,
		"root": false
	},
	"wzhyg0e77zk694yd": {
		"definition": "artifact_damage",
		"x": 21.316003740019447,
		"y": -156.96418385662437,
		"root": false
	},
	"j70itpcax27y0q2u": {
		"definition": "artifact_damage",
		"x": -13.910196815321795,
		"y": -223.38310419494113,
		"root": false
	}
}